{"count":12,"results":[{"id":4,"name":"Install","description":"Install the most recent version of angr to your local environment!\r\n\r\nProve you've installed it by submitting the output of the __version__ method. Google it if you don't know how to do this.","max_attempts":0,"value":10,"category":"Intro","type":"standard","state":"visible","requirements":null,"connection_info":null,"next_id":null},{"id":5,"name":"Load a binary","description":"Load the provided binary into an angr project. Print the architecture info and submit that as the flag. Notice how angr supports uncommon binary formats!\r\n\r\nSource: aespipe (MIPS binary) from https://github.com/darkerego/mips-binaries","max_attempts":0,"value":15,"category":"Intro","type":"standard","state":"visible","requirements":null,"connection_info":null,"next_id":null},{"id":6,"name":"Lift to VEX","description":"Now that you've loaded a binary, lift the binary into VEX (Valgrind's intermediate representation (IR) language. You can read the VEX instructions for any basic block using this method. The flag is the first value loaded into register `ra` in the VEX representation of the program. You will only need to access the first basic block to find this.","max_attempts":0,"value":20,"category":"Intro","type":"standard","state":"visible","requirements":null,"connection_info":null,"next_id":null},{"id":7,"name":"Get Main","description":"Now that we've shown angr can work with unusual architectures, we'll move to something more familiar: an x86 binary. Load a binary like before, and now instead of the architecture, you must find the memory address of the main function. In angr you can search binaries for symbols, which is a very useful thing to do when you are making tools that generalize across multiple binaries.\r\n\r\nThe flag should be the address of the main symbol in hex.","max_attempts":0,"value":25,"category":"Intro","type":"standard","state":"visible","requirements":null,"connection_info":null,"next_id":null},{"id":9,"name":"Generate a CFG","description":"Control Flow Graphs (CFGs) are important concepts in program analysis.\r\n\r\nNext we'll take a basic step that is commonly done for most analysis: generating a control flow graph. The flag is the number of basic blocks in the CFG.\r\n\r\nUse the same Fauxware binary as last challenge.","max_attempts":0,"value":30,"category":"Intro","type":"standard","state":"visible","requirements":null,"connection_info":null,"next_id":null},{"id":10,"name":"Symbolic Execution!","description":"This login script console is a bit suspicious-- could there be a backdoor? Use angr to symbolically execute the binary and find the suspicious branch. From there you can find the backdoor password. The flag is the password input that allows any user to log in.\r\n\r\nbonus: checkout the \"smiley backdoor\" in vsftp 2.3.4 for an example of this type of vulnerability in the wild","max_attempts":0,"value":100,"category":"Intro","type":"standard","state":"visible","requirements":null,"connection_info":null,"next_id":null},{"id":11,"name":"Little Engine","description":"Here's another classic CTF question-- there is one input on stdin and a convoluted flag check. The format of the flag is \"pctf{(complicated flag you must reverse engineer)}\"\"-- this information allows you to constrain the input format. \r\n\r\nNote: the symbolic analysis should take ~3 minutes to run, so don't worry if it takes a long time.","max_attempts":0,"value":100,"category":"Challenge","type":"standard","state":"visible","requirements":null,"connection_info":null,"next_id":null},{"id":12,"name":"Wyvern","description":"Yet another classic CTF question-- there is one input on stdin and a convoluted flag check. \r\n\r\nThe format of the flag is \"flag{(complicated flag you must reverse engineer)}\"\"-- this information allows you to constrain the input format. The expected flag should be 29 bytes + one newline byte.","max_attempts":0,"value":100,"category":"Challenge","type":"standard","state":"visible","requirements":null,"connection_info":null,"next_id":null},{"id":13,"name":"ais3","description":"Yet another classic CTF question-- there is one input on stdin and a convoluted flag check. \r\n\r\nI am not giving you a flag format this time. You do not know the length of the flag string, but can assume 100 bytes as an upper bound.\r\n\r\nUse the explore method of the simulation_manager object to find memory address 0x400602, the memory address for the \"success\" branch. (you can figure this out yourself via traditional decompilation)","max_attempts":0,"value":100,"category":"Challenge","type":"standard","state":"visible","requirements":null,"connection_info":null,"next_id":null},{"id":14,"name":"Bonus","description":"Check out this familiar example that demonstrates angr's power: you can script the entirety of the CMU binary bomb lab with a couple hundred lines of angr!\r\n\r\n https://github.com/angr/angr-examples/blob/master/examples/cmu_binary_bomb/solve.py ","max_attempts":0,"value":0,"category":"Challenge","type":"standard","state":"visible","requirements":null,"connection_info":null,"next_id":null},{"id":15,"name":"Pitfall: Autoload libs","description":"Angr's Project() hides a trap! By default it automatically loads and analyzes all of the libraries that a binary depends upon. This results in VERY slow load times (on the order of many minutes).\r\n\r\nLoad a binary of your choice using `auto_load_libs=True` and `auto_load_libs=False` and compare the speed of loading the same binary with each option.\r\n\r\nThe flag is \"yikes\".\r\n\r\nFeel free to read up on this at https://docs.angr.io/en/latest/core-concepts/loading.html under \"loading options\".","max_attempts":0,"value":16,"category":"Intro","type":"standard","state":"visible","requirements":null,"connection_info":null,"next_id":null},{"id":16,"name":"Don't Get Glad, Get angr-y!!","description":"Good afternoon, we have come across this weird malware sample\r\nwhich we had found quite tedious to figure out how to get working.\r\nIt seems to want a key but we have not been able to discover the\r\nkey. Would you be able to help us? Thank you for your help :)\r\n\r\n## Notes\r\n\r\n- Sometimes Ada Lovelace and the Dragons that be may not be good approaches\r\nunless you are automating it.\r\n- Don't let this challenge make you too angr-y\r\n- Depth First Search is a good exploration technique.\r\n\r\nNote: This challenge was Anomaly 15 at the 2023 DoE Cyberforce competition. I do not currently know the solution, but will update the CTF when I solve it.","max_attempts":0,"value":251,"category":"Challenge","type":"standard","state":"visible","requirements":null,"connection_info":null,"next_id":null}],"meta":{}}