{"count":8,"results":[{"id":1,"type":"standard","location":"12e52c2c60903f21586ed10d6c83b2c2/angr-logo.png","challenge_id":null,"page_id":null},{"id":3,"type":"challenge","location":"d46044b32e51ba593ec7a8d9fac2fab8/aespipe","challenge_id":5,"page_id":null},{"id":4,"type":"challenge","location":"9306ac3dc7e93c7cccef9652a5e44526/fauxware","challenge_id":7,"page_id":null},{"id":5,"type":"challenge","location":"1de6d490386e6e9c82035333e18e1062/fauxware","challenge_id":10,"page_id":null},{"id":6,"type":"challenge","location":"acd5fd0f6c91b87f8836cd4c96ae4692/engine","challenge_id":11,"page_id":null},{"id":7,"type":"challenge","location":"b07656c148287024ea13edc54edb024b/wyvern","challenge_id":12,"page_id":null},{"id":8,"type":"challenge","location":"8fcda390f09159a4e880e14d05fcd747/ais3_crackme","challenge_id":13,"page_id":null},{"id":9,"type":"challenge","location":"b01e18cd6ee737cd07ef38a48cdfbe95/goodluck","challenge_id":16,"page_id":null}],"meta":{}}