{"count":10,"results":[{"id":3,"challenge_id":4,"type":"static","content":"'9.2.76'","data":"case_insensitive"},{"id":4,"challenge_id":5,"type":"static","content":"<Arch MIPS32 (BE)>","data":"case_insensitive"},{"id":5,"challenge_id":6,"type":"static","content":"0x0040101c","data":"case_insensitive"},{"id":6,"challenge_id":7,"type":"static","content":"0x40071d","data":"case_insensitive"},{"id":7,"challenge_id":9,"type":"static","content":"93","data":""},{"id":8,"challenge_id":10,"type":"static","content":"SOSNEAKY","data":""},{"id":9,"challenge_id":11,"type":"static","content":"pctf{th3_m0d3rn_st34m_3ng1n3_w45_1nv3nt3d_1n_1698_buT_th3_b3st_0n3_in_1940}","data":""},{"id":10,"challenge_id":12,"type":"static","content":"flag{dr4g0n_or_p4tric1an_it5_LLVM}","data":""},{"id":11,"challenge_id":13,"type":"static","content":"ais3{I_tak3_g00d_n0t3s}","data":""},{"id":13,"challenge_id":15,"type":"static","content":"yikes","data":"case_insensitive"}],"meta":{}}