{"count":10,"results":[{"id":1,"type":"standard","challenge_id":5,"content":"Within an interpreter session with angr imported try:\n\n```\nproj = angr.Project(<path to binary/aespipe>)\nproj.arch \n```","cost":0,"requirements":{"prerequisites":[]}},{"id":3,"type":"standard","challenge_id":6,"content":"Hint: https://docs.angr.io/en/latest/advanced-topics/ir.html","cost":0,"requirements":{"prerequisites":[]}},{"id":4,"type":"standard","challenge_id":6,"content":"Note that you will still need angr imported and the aespipe binary loaded into a project-- refer back to earlier challenges!\n\n```python\n# Grab the first basic block and pretty-print\nstarting_block = proj.factory.block(proj.entry).vex\nstarting_block.pp()\n```","cost":0,"requirements":{"prerequisites":[]}},{"id":5,"type":"standard","challenge_id":7,"content":"```\nproj = angr.Project(\"<your path>/fauxware\", auto_load_libs=False)\n\nmain = proj.loader.find_symbol(\"main\")\nprint(main)\n```","cost":0,"requirements":{"prerequisites":[]}},{"id":6,"type":"standard","challenge_id":9,"content":"proj = angr.Project(\"<your-path/fauxware>\", auto_load_libs=False)\n\ncfg = proj.analyses.CFGFast()\n\nall_basic_blocks = cfg.nodes()\n\nn_basic_blocks = len(all_basic_blocks)\n\nprint(n_basic_blocks)","cost":0,"requirements":{"prerequisites":[]}},{"id":7,"type":"standard","challenge_id":10,"content":"see https://github.com/angr/angr-examples/tree/master/examples/fauxware for a walkthrough","cost":0,"requirements":{"prerequisites":[]}},{"id":8,"type":"standard","challenge_id":11,"content":"The code is available at https://github.com/angr/angr-examples/blob/master/examples/b01lersctf2020_little_engine/solve.py\n\nThis link gives the source code of the binary, a compiled binary, and a walkthrough using more traditional reversing tools: https://github.com/b01lers/b01lers-ctf-2020/tree/master/rev/100_little_engine","cost":0,"requirements":{"prerequisites":[]}},{"id":9,"type":"standard","challenge_id":12,"content":"\nThe code is available at https://github.com/angr/angr-examples/blob/master/examples/csaw_wyvern/solve.py\n\nThis link gives the source code of the binary, and the compiled binary https://github.com/angr/angr-examples/tree/master/examples/csaw_wyvern\n\n","cost":0,"requirements":{"prerequisites":[]}},{"id":10,"type":"standard","challenge_id":13,"content":"The solution is available at https://github.com/angr/angr-examples/blob/master/examples/ais3_crackme/solve.py","cost":0,"requirements":{"prerequisites":[]}},{"id":12,"type":"standard","challenge_id":4,"content":"Open a python interpreter and use:\n```\nimport angr\nangr.__version__\n```","cost":0,"requirements":{"prerequisites":[]}}],"meta":{}}