{"count":2,"results":[{"id":1,"oauth_id":null,"name":"admin","password":"$bcrypt-sha256$v=2,t=2b,r=12$698RwjVDHC4QcfJdxneple$oy9sNikgtuLKnEdz0F.axcQA9JT8CEa","email":"test@example.com","type":"admin","secret":null,"website":null,"affiliation":null,"country":null,"bracket":null,"hidden":1,"banned":0,"verified":0,"team_id":null,"created":"2023-10-12T19:30:47.530759","language":null},{"id":3,"oauth_id":null,"name":"demo","password":"$bcrypt-sha256$v=2,t=2b,r=12$0olwmR7AlR.Jv3Ys02tPdu$jnyf4eIR0XDinYO5yUzke2ibg0DBgRq","email":"demo@demo.demo","type":"user","secret":null,"website":null,"affiliation":null,"country":null,"bracket":null,"hidden":0,"banned":0,"verified":0,"team_id":null,"created":"2023-11-12T23:54:18.456454","language":null}],"meta":{}}